[
  {
    "files": ["snippets.blade.php"],
    "remote_path": "files/contents/views/modals/",
    "local_path": "app/resources/views/modals/"
  },
  {
    "files": ["modals.blade.php", "welcome.blade.php"],
    "remote_path": "files/contents/views/",
    "local_path": "app/resources/views/"
  },
  {
    "files": ["CodeLogsController.php", "SettingsController.php", "EvaluationController.php", "SnippetsController.php"],
    "remote_path": "files/contents/controllers/",
    "local_path": "app/Http/Controllers/"
  },
  {
    "files": ["Navbar.vue"],
    "remote_path": "files/contents/vue/components/inc/",
    "local": "resources/assets/js/components/inc/"
  },
  {
    "files": ["app.scss"],
    "remote_path": "files/contents/scss/",
    "local": "resources/assets/scss/"
  }
]